Guitar companies,Acoustic guitars,Bass companies,Drums,Keyboard,Outboard,Microphones,Effects,Amplifier effects companies,Live sound companies,Piano
A,Alvarez,Alembic,Adams Musical Instruments,A,ADRaudio,Akai,1,0–9,Abbingdon Music Research,Aarhus Pianofabrik
Airline,Aria,Ampeg,Alesis,Access synthesizers (1 P),Alesis,AKG,,65amps,Acapella Audio Arts,A.B. Chase
Alembic,Breedlove,Aria,American Drum Manufacturing Company,Akai synthesizers (9 P),Advanced Music Systems,Astatic,1981 Inventions,A,Acoustic Research,Ackerman & Lowe
Alvarez,Cort,Audiovox,Avedis Zildjian Company (Zildjian),Alesis synthesizers (4 P),Aphex Systems,AEA Ribbon Mics,3,Acoustic Control Corporation,ADAM Audio,"Ackerman, F.J."
Ampeg,D'Angelico,B,Axis Percussion,ARP synthesizers (19 P),Apogee Electronics,Audio-Technica,,AHED (company),ADRaudio,Acoustgrand
Antoria,Dean,B.C. Rich,Ayotte Drums,B,Ashly Audio,Behringer,3Leaf Audio,Ampeg,Advent Corporation,Acrosonic
Aria,Dobro,BassLab,B,Buchla synthesizers (5 P),ATC (loudspeaker manufacturer),Beyerdynamic,6,Ashdown Engineering,Joe Akroyd,"Adam, F."
Ashton Music,Eko,Breedlove Guitars,Brady Drum Company,C,Audiotonix,Blue Microphones,,B,Altec Lansing,"Adam, G."
Avalon,Epiphone,C,C,Casio synthesizers (8 P),"Automated Processes, Inc.",Brauner,6 Degrees FX,Behringer,Amphion Loudspeakers,"Adam, M."
B,Fender,C. F. Martin & Company,Camco Drum Company,Clavia synthesizers (4 P),Avid Audio,Brüel & Kjær,a,Blackstar Amplification,ATC (loudspeaker manufacturer),Adams
Babicz,First Act,Carl Thompson (luthier),Conn-Selmer,D,Avid Technology,CAD Audio,,Bogner Amplification,Audioengine (company),Aeolian
"Bailey, John",Framus,Carvin Corporation,Cumbus,Doepfer synthesizers (2 P),Aviom,Core Sound LLC,Aguilar Amplification,Budda Amplification,B,Aerts
Bartell,Furch,Charvel,D,E,B,DJI,AMT Electronics,C,Bang & Olufsen,Ajello
B.C. Rich,G-L,Cort Guitars,D'Addario,E-mu synthesizers (6 P),BassBoss,DPA,Analog Man,Carlsbro,Barefoot Sound,Albert
Behringer,Gibson,Chapman Guitars,Ddrum,Elektron synthesizers (2 P),Beyerdynamic,Earthworks,Animals Pedal,Carr Amplifiers,BassBoss,Albert & Co.
Blackbird,Godin,D,Dixon Drums,Elka synthesizers (1 P),Bose Corporation,Electro-Voice,Arbiter,Carvin Corporation,Behringer,Albion
Blade,Greco,Daisy Rock Girl Guitars,Drum Workshop (DW),EMS synthesizers (5 P),Brenell Engineering,Fostex,Arion,Paul Cornford,Blaupunkt,Albrecht
Bohemian,Gretsch,Danelectro,E,Ensoniq synthesizers (13 P),D,Gauge Precision Instruments,Artec,D,Boombotix,Alden
Bond Electraglide,Guild,Dean Guitars,E-MU Systems,F,Dbx (company),Gentex Corp,Ashdown,Danelectro,Bose Corporation,Aldrich
Breedlove,Hagström,Dean Markley Strings,Evans,Fairlight synthesizers (1 P),E,Grundig,Aural Dream,Darkglass,Boss Audio,Alexander
Burns,Höfner,Dingwall Designer Guitars,F,H,Eastern Acoustic Works,Heil Sound,b,Dean Guitars,Boston Acoustics,Alex Steinbach
C,Ibanez,E,Fibes Drums,Hartmann synthesizers (1 P),Electro-Voice,JZ Microphones,,Diezel,Bowers & Wilkins,"Alfred Rohr, Leipzig"
C.R. Alsip,Kay,Eastwood Guitars,G,K,Elektromesstechnik,Lauten Audio,BBE,Dr. Z Amplification,Rudy Bozak,Allgäuer
Campbell,Lâg,Epiphone,Gibraltar Hardware,Kawai synthesizers (6 P),"Eventide, Inc",Line 6,Behringer,Dumble Amplifiers,Burmester Audiosysteme,Allison
Caparison,Larrivée,ESP Guitars,Gretsch Drums,Korg synthesizers (52 P),F,Manley Laboratories,Belcat,E,C,Allmendiger
C.F. Martin,Luna Guitars,F,H,Kurzweil synthesizers (2 P),Fairchild Recording Equipment Corporation,M-Audio,Biyang,Earth Sound Research,Cabasse (company),Alois Kern
Chapman,M-R,Fender,Harmony Company,M,Fairlight (company),Microtech Gefell,Blackstar,Eden Electronics,Cambridge Audio,"Altenburg, Frederick"
Charvel,Martin,Fernandes Guitars,Hayman drum,Moog synthesizers (27 P),Future Sonics,Milab,BOSS,Egnater,Cambridge SoundWorks,"Altenburg, Otto"
Chesbro,Maton,Fleabass,Hohner,N,G,MIPRO,c,Electro-Harmonix,Canton Electronics,American Pianos
Cole Clark,Michael Kelly,Fodera,I,Novation synthesizers (4 P),Genelec,"Nady Systems, Inc.",,Electro-Voice,Carvin Corporation,American Music
Collings,Norman,Framus,Istanbul Agop,O,Georg Neumann,Georg Neumann GmbH,Caline,Electromuse,Castle (company),Amherst
Conde,Oscar Schmidt by Washburn,Fret-King,J,Oberheim synthesizers (17 P),Grundorf,Nevaton,Carl Martin,F,Celestion,Ammer
Cort,Ovation,G,John Grey & Sons,R,H,NTi Audio,Catalinbread,Fender (company),Cerwin-Vega,Amphion
D,PRS,G&L Musical Instruments,Jupiter Band Instruments,"Roland synthesizers (3 C, 100 P)",Harrison Audio,Oktava,Coolmusic,Fishman (company),Clair Global,American Piano Company (Ampico)
D'Alegria,Recording King,Gibson Guitar Corporation,K,S,Heil Sound,PCB Piezotronics,Coron,Fractal Audio Systems,Community Professional Loudspeakers,Amyl
D'Angelico,Rickenbacker,Godin Guitars,Gregg Keplinger,Sequential Circuits synthesizers (6 P),I,Peavey Electronics,crazy tube circuits,Friedman Amplification,Creative Technology,Anderson
Daisy Rock Girl,S-Z,Greco,KHS Musical Instruments,W,InMusic Brands,Philips,Cry Baby,Fryette Amplification,Crest Audio,Anderson Bros.
Danelectro,Samick,Greg Bennett Guitars,King Conga,Waldorf synthesizers (1 P),IZotope,Røde Microphones,d,G,D,Anderson Co.
Dean,Schecter,Gretsch,L,Y,J,Royer Labs,,Gabriel (amplifiers),D&b audiotechnik,Anderson Sons
Diamond,Seagull,Guild,Latin Percussion,"Yamaha synthesizers (1 C, 44 P)",JBL,Schoeps,Danelectro,Gallien-Krueger,Danish Audiophile Loudspeaker Industries,"Andersson, A."
"D'Aquisto, Jimmy",Sigma Guitars,H,Leedy Manufacturing Company,,K,Sennheiser,Dawner Prince Electronics,Gibson (guitar company),Definitive Technology,Andreas
Dobro,Silvertone,Hamer Guitars,Ludwig Drums,,K-array,Shure,DemonFX,Guyatone,DEI Holdings,André
Duesenberg,Stagg,Hagström,M,,L,Sony,Diamond Guitar Pedals,H,DEQX,Andreys
E,Tagima,Höfner,Majestic Percussion,,L-Acoustics,TASCAM/TEAC Corporation,DigiTech,Hayden (electronics company),Duntech,Anelli
Eastwood,Takamine,Hohner,Mapex Drums,,Lawo,TOA Corp.,Dimavery,Hiwatt,Dynaco,Angerhöfer
Eccleshall,Taylor,Hondo,Meinl Percussion,,LOUD Audio,Zoom Corporation,DOD,Hughes & Kettner,Dynaudio,Apollo
Eko,Tokai,Hora,N,,M,Defunct microphone manufacturers,Dolamo,I,E,Arcade
El Degas,Walden,I,Natal Drums,,Manley Laboratories,,Donner,Ibanez,Eastern Acoustic Works,Archer
Electra,Washburn,Ibanez,Noble & Cooley,,Merging Technologies,The following is a list of defunct microphone manufacturers with articles.,DryBell,J,Edifier,Arion Pianofabrik
Electrical,Yamaha,Italia Guitars,North Drums,,Meyer Sound Laboratories,,Dunlop Electronics,Airline Guitars,Electro-Voice,Arirang
Epiphone,,J,O,,MIPRO,Aiwa,e,Jennings Musical Instruments,Eminent Technology,Armstrong
Ernie Ball,,Jay Turser Guitars,Orange County Drum and Percussion,,MTR Professional Audio,Altec Lansing,,Jim Kelley Amplifiers,Epos Ltd,Army & Navy
ESP,,Jens Ritter Instruments,P,,Music Center Incorporated,American Microphone,EBS,Johnson Amplification,F,Arnold
F,,Jackson Guitars,Pacific Drums and Percussion,,N,Ampex,electro-harmonix,K,FeONIC,Artfield
Fano,,K,Paiste,,Nagra,Astatic,Empress Effects,Kona Guitars,Focal-JMLab,Artmann
Farida,,Kawai,Pearl Drums,,Neutrik,Brush Development Company,Ernie Ball,Kay Musical Instrument Company,Forsythe Audio,Asahi
Fender,,Kiesel Guitars,Peavey Electronics,,Rupert Neve,Dynaco,Excalibur,Kemper Profiler,Fostex,Ashenback
Fernandes,,Kramer Guitars,Pork Pie Percussion,,NTi Audio,Lafayette,f,Komet Amps,Fujikon,Askolin
First Act,,Kay Musical Instrument Company,Premier Percussion,,P,Motorola,,Kustom Amplification,Funktion-One,"Aspelin, O. W."
Flaxwood,,L,Pro-Mark,,Phonic Corporation,Philco,Fender,L,G,Astin-Weight
Floyd Rose,,Lado Guitars,R,,PreSonus,RCA,Flamma,Laney Amplification,Genelec,Astor
Fodera,,Lakland,Remo,,Pultec,Realistic,Foxgear,Line 6 (company),Generalmusic,Atlas
Framus,,Line 6,Rogers Drums,,Q,Reslosound,Framptone,M,Genesis Technologies,Auburn
Freshman,,Luna Guitars,Roland Corporation,,QSC Audio Products,Voice of Music,Friedman,Magnatone,Grundorf,Aucher
Freedom,,M,S,,R,Webster-Chicago,Fulltone,Magnetone,H,August Dassel
Fret-King,,M.V. Pedulla Guitars,Sabian,,Rane Corporation,Western Electric,g,Marshall Amplification,Harman Kardon,August Heide
FujiGen,,Maton,Simmons,,RCF audio,Westinghouse,,Matamp,I,August Förster
Furch,,Mayones Guitars & Basses,Slingerland Drum Company,,Renkus-Heinz,,G-Lab,Matchless Amplifiers,IBall (company),Auto Piano Co.
G,,Michael Kelly Guitars,Sonor,,Roland Corporation,,Ginean,Mesa/Boogie,Infinity Systems,B
G&L,,Michael Tobias Design,Soultone Cymbals,,S,,h,Milbert Amplifiers,International Audio Group,"Boardman, Gray & Co. piano at Glen Eyrie."
Gallotone,,Micro-Frets,T,,Scully Recording Instruments,,,Multivox Premier,J,"Babcock, Alpheus"
Garrison,,Modulus Guitars,Tama Drums,,Solid State Logic,,Harley Benton,N,Jamo (company),"Babcock, Lewis & Alpheus"
Giannini,,Music Man,Trixon Drums,,Sound Devices,,Hartke,Neural DSP,JBL,"Babcock, Appleton & Babcock"
Gibson,,N,U,,Soundcraft,,Höfner,O,Jensen Loudspeakers,Bach
Gilberto Grácio,,National Reso-Phonic Guitars,UFIP,,Soundscape Digital Technology,,Hotone,Orange Amps,JLab Audio,Bachman
Gittler,,O,V,,Stellavox,,Hughes & Kettner,P,JVC,"Bacon, Francis"
Godin,,Ovation,Vater Percussion,,Studer,,i,Peavey Electronics,JVCKenwood,"Baer, C."
Gordon-Smith,,P,Vic Firth,,T,,,Phonic Corporation,K,Bailey
Greco,,Parker Guitars,Y,,Tannoy,,Ibanez,Pignose,K-array,Baldorr & Sons
Greg Bennett,,Paul Reed Smith Guitars,Yamaha Drums,,TASCAM,,IK Multimedia,PRS Guitars,KEF,Baldur
Gretsch,,Peavey,Agean Cymbals,,TC Electronic,,Irin,R,Kenwood Corporation,Baldwin
Guild,,Pensa Custom Guitars,Avedis Zildjian Company,,Telos Alliance,,iSet,Randall Amplifiers,Kharma International,Baltica
Guyatone,,R,C,,Turtle Beach Corporation,,j,Reason Amplifier Company,KLH (company),Bannerman
H,,Reverend Guitars,Crescent Cymbals,,U,,,Rickenbacker,Klipsch Audio Technologies,Barber London
Hagström,,Rickenbacker,H,,Universal Audio (company),,JAM pedals,Rivera Amplification,Krell Industries,Barker & Co
Hallmark Guitars,,Robin Guitars,Hammerax,,W,,JHS Pedals,Roland Corporation,L,Barnes
Hamer,,Ruokangas Guitars,I,,Ward-Beck Systems,,Joyo,Rudi Čajavec (company),L-Acoustics,Barrat & Robinson
Harley Benton,,S,Istanbul Agop Cymbals,,Wheatstone Corporation,,k,S,LEAK,Barthol
Harmony,,Sadowsky,Istanbul cymbals,,Whirlwind USA,,,"Scholz Research & Development, Inc.",Legacy Audio,Bartlett
Heritage,,Samick,M,,Paul Wolff (engineer),,Kasleder,Schroeder Amplification,Linn Products,Bauer
Höfner,,Schecter Guitars,Meinl Percussion,,Y,,Kastle,Smith Custom Amplifiers,Lipinski Sound,"Bauer, J."
Hohner,,Spector,P,,Yamaha Pro Audio,,KLON,Soldano Custom Amplification,Logitech,Baumbach
Hondo,,Steinberger,Paiste,,Yorkville Sound,,KOKKO,Specimen Products,M,Baumeister
Hora,,Suhr Guitars,S,,,,KONG,St. Louis Music,M-Audio,Baumgardt
Huss & Dalton Guitar Co.,,T,Sabian Cymbals,,,,Korg,Standel,Mackie (company),Baus
I,,Tacoma Guitars,Soultone Cymbals,,,,l,Suhr Guitars,Magnepan,Bay
Ibanez,,Tagima,U,,,,,Sunn,MartinLogan,Beale
Italia,,Takamine,UFIP,,,,LastGasp Art Laboratories,Supro,McCune Audio/Video/Lighting,Bechner
J,,Tanglewood Guitars,Z,,,,Line6,SWR Sound Corporation,McIntosh Laboratory,"Bechstein, C."
Jackson,,Taylor Guitars,Zanchi (cymbals),,,,Little Bear,T,Meridian Audio,Bechtel
James Tyler,,Tobias,Categories:,,,,m,Tech 21,Meyer Sound Laboratories,Becker
Jay Turser,,Tonante,Cymbals,,,,,Teisco,Monitor Audio,"Becker, J."
Jeffrey Yong,,Tyler Guitars,Percussion instrument manufacturing companies,,,,M-Vave/Cuvave,THD Electronics,Monsoon (speakers),Becker Bros.
Jon Kammerer Guitars,,V,,,,,Mad Professor,Tōkai Gakki,Mordaunt-Short,Behning & Klix
Joseph Lukes,,Veillette Guitars,,,,,Marshall,Tone King,N,Behning & Sons
Jolana,,Vigier Guitars,,,,,Maxon,Trace Elliot,NAD Electronics,Behr Brothers Piano Company
K,,Vintage Guitars,,,,,ME ALL,Trainwreck Circuits,NHT Loudspeakers,Bekker
Kalamazoo,,Vox,,,,,Meris,Traynor Amplifiers,O,Belarus
Kawai,,W,,,,,MI Audio,U,Origaudio,Belehredek
Kay,,Wal Basses,,,,,Mooer,Univox,Oswalds mill audio,Bell Piano & Organ Co.
Ken Parker,,Wandre Guitars,,,,,Morley,V,P,Bellak & Sons
Kent,,Warwick,,,,,Mosky Audio,Valco,Peavey Electronics,Bellman
Kiesel,,Washburn Guitars,,,,,MXR,Vox (company),Phonic Corporation,Bellmont
Klira,,Wechter Guitars,,,,,Mythos Pedals,W,Pioneer Corporation,Benjamin
Koll,,Y,,,,,n,Watkins Electric Music,Plasmatronics,Benedict Brothers
Kramer,,Yamaha,,,,,,Y,PMC Ltd.,Benkert
Kustom,,Z,,,,,Naomi,Yamaha Corporation,Polk Audio,Bennington
L,,Zemaitis Guitars,,,,,Nobels,Yorkville Sound,ProAc,"Bensted and sons, H.G."
Lado,,Zon Guitars,,,,,Nux,Mesa/Boogie Wikipedia+1,PSB Speakers,Bentley
Lâg,,,,,,,o,,Pure (company),Berden
Lakland,,,,,,,,Kustom Amplification Wikipedia+1,Q,Berdux
Larrivée,,,,,,,Old Blood Noise Endeavors,,QSC Audio Products,Beregszaszy
Levin,,,,,,,One Control,Budda Amplification Wikipedia+1,Quad Electroacoustics,Berger
Lichty,,,,,,,Orange,,R,Bergmann
Lindert,,,,,,,p,Fender Audio Brands+2absolutereports.com+2,Radford Electronics,Bernhard Steiner
Line 6,,,,,,,,,RadioShack,Bernstein Wolf
Lipe,,,,,,,Palmer,Marshall Amplification Audio Brands+1,Rectilinear Research Corporation,Berry
Lotus,,,,,,,Paul Cochrane,,Rega Research,Betting
Lowden,,,,,,,Pigtronix,Vox (Amplification) Audio Brands+1,Renkus-Heinz,Beulhoff
Luna,,,,,,,Pogo Pedals,,Rogers International,Biber
Lyle,,,,,,,ProCo,Orange Music Electronic Company Audio Brands+1,Roksan,Beyer-Rahnefeld
M,,,,,,,r,,S,Biddle
Maestro,,,,,,,,Blackstar Amplification Audio Brands+1,Snell Acoustics,Bieger
Mann,,,,,,,Red Witch,,Sonodyne,"Biese, W."
Maton,,,,,,,REVV,Peavey Electronics Corporation Audio Brands+1,Sonos,Billberg
Matsumoku,,,,,,,Roland,,Sonus Faber,"Birke, Willy"
Mayones,,,,,,,Rowin,Hughes & Kettner GmbH Audio Brands+1,Sony,Birnbaum
Michael Kelly,,,,,,,s,,Spendor,Bishop
Micro-Frets,,,,,,,,Laney Amplification Audio Brands+1,Steinway Lyngdorf,Bjur Bros.
Modulus,,,,,,,Saphue,,Studiomaster,Blasius
Moniker,,,,,,,Scuru,Bogner Amplification Audio Brands,T,Blenheim
Mosrite,,,,,,,Seymour Duncan,,Tannoy,"Blondel, A."
MotorAve,,,,,,,SolidGoldFX,Supro Audio Brands,TEAC Corporation,"Blondel, G."
Music Man,,,,,,,Sonicake,,Technics (brand),Blüthner
Martin & Co,,,,,,,Source Audio,PRS (Paul Reed Smith) – Amplifiers division Audio Brands,Telavox,"Boardman, Gray & Co."
N,,,,,,,Strymon,,Teufel Audio,Bocage
National,,,,,,,SubZero,Line 6 Audio Brands+1,Thiel Audio,Bock & Hinrichsen
P,,,,,,,Suhr,,TOA Corporation,Bogart
Parker,,,,,,,Swiff Pedals,Roland Corporation (amplifiers/modeling) Audio Brands+1,U,Bogs & Voigt
Paulino Bernabe II,,,,,,,t,,U-Turn Audio,Bohemia
Peavey,,,,,,,,Diezel Amplification Academic Dictionaries and Encyclopedias,Ultimate Ears,Boisselot & Fils
Penco,,,,,,,T-Rex Effects,,V,Böhme & Sohn
Petros,,,,,,,tc electronic,Matchless Amplifiers Academic Dictionaries and Encyclopedias,Veritone Minimum Phase Speakers,"Börs, Otto"
PRS,,,,,,,Tech 21,,Vifa,"Bord, A."
R,,,,,,,Tone City,ENGL Amps MarkWide Research+1,Viscount (musical instrument manufacturer),"Borgato, Luigi"
RainSong,,,,,,,Twinote,,Vizio,Bösendorfer
Ramírez,,,,,,,v,Fishman (amplifier/gear division) Market Intelo+1,Voxx International,Boston
Recording King,,,,,,,,,W,Boston Piano Co.
Reverend,,,,,,,Valeton,Alembic (pre‑amps/amps) Academic Dictionaries and Encyclopedias,Weltron,Boyd
Rickenbacker,,,,,,,Vangoa,,Wharfedale (company),Brackett & Robinson
Riversong Guitars,,,,,,,VGS,Ashdown Engineering Academic Dictionaries and Encyclopedias,Wilson Audio,"Brackett, J. W."
Robin,,,,,,,Voodoo Lab,,Wilson Benesch,Bradbury
Ruokangas,,,,,,,VOX,Bugera (Music Tribe) Market Intelo+1,X,"Bradbury, Wm. B."
S,,,,,,,w,,X-mini,Bradford
Samick,,,,,,,,Johnson (Amps) pdf.marketpublishers.com+1,Y,Brambach
Sadowsky,,,,,,,Walrus Audio,,Yamaha Corporation,"Brandtner, H. Rudolf"
Santa Cruz,,,,,,,Wampler Pedals,378 Amplifiers,Yamaha Pro Audio,Branston
Schecter,,,,,,,Way Huge,,Yorkville Sound,Brasil
Seagull,,,,,,,x,,Z,Brasted
Shergold,,,,,,,,,ZR Speaker Lab,Breitkopf & Härtel
Sigma,,,,,,,Xotic Effects,,Zu Audio,Bremitz
Silvertone,,,,,,,Xvive,,Abbingdon Music Research,Brentwood
Smith,,,,,,,y,,Accuphase,"Bretschneider, Alexander"
Spector,,,,,,,,,Alembic Inc.,Breyer
Squier,,,,,,,Yuer,,Altec Lansing,Briem
Stagg,,,,,,,Akai,,ATC (loudspeaker manufacturer),Briggs
Steinberger,,,,,,,B,,Audio Research,Brinkerhoff
Stella,,,,,,,Behringer,,Audiolab,Brinkmann
Suhr,,,,,,,BJFE,,B,"Brinsmead, John"
Supersound Electronic Products,,,,,,,Boss Corporation,,Bang & Olufsen,Bristol
Suzuki,,,,,,,Budda Amplification,,Behringer,Broadway
T,,,,,,,C,,BGW Systems,Broadwood and Sons
Tacoma,,,,,,,Chase Bliss Audio,,Bose Corporation,Broadwood White
Tagima,,,,,,,D,,Boulder Amplifiers,Brodmann
Takamine,,,,,,,Danelectro,,Burmester Audiosysteme,Brooks
Tanglewood,,,,,,,Death By Audio,,C,Brother
Taylor,,,,,,,DOD Electronics,,Cadac Electronics,Brown & Allen
Teisco,,,,,,,Dunlop Manufacturing,,Carlsbro,Browning
Teton,,,,,,,E,,Carvin Corporation,Bruckner
Tobias,,,,,,,Earth Sound Research,,Classé,Brunger
Tokai,,,,,,,EarthQuaker Devices,,Creek Audio,Brunner
Tom Anderson,,,,,,,Electro-Harmonix,,Crest Audio,Brødrene Hals Christiania
Tonante,,,,,,,"Eventide, Inc",,Crown International,Bulow
Travis Bean,,,,,,,F,,D,Burg van den
Trembita,,,,,,,Fractal Audio Systems,,Daniel Hertz S.A.,Burgasser
TYM,,,,,,,Frantone Electronics,,Denon,Burgdorfer
U,,,,,,,Fulltone,,Devialet,Burger & Jacobi AG
Univox,,,,,,,G,,Dynaco,Burgmuller
V,,,,,,,Guyatone,,E,Burling Mansfield
Valco,,,,,,,I,,Electro-Harmonix,Bush & Lane
Valley Arts,,,,,,,Ibanez,,Electro-Voice,Bush & Gerts
Vigier,,,,,,,J,,G,Butler Bros.
Vintage,,,,,,,JHS Pedals,,Genelec,Byelloruss
VOX,,,,,,,K,,H,C
W,,,,,,,Keeley Electronics,,Harman Kardon,C. Baer
Walden,,,,,,,Kemper Profiler,,I,"Cable, Hobart M."
Warwick,,,,,,,Korg,,ICEpower,Cable Nelson
Washburn,,,,,,,L,,J,Cable Piano Company
Westfield,,,,,,,Line 6 (company),,JBL,Cäcilia
Westone,,,,,,,Lovetone,,JVCKenwood,Cahn & Cahn
William Laskin,,,,,,,M,,K,Calisia
Y,,,,,,,Maxon Effects,,K-array,Cameo
Yamaha,,,,,,,Meris (company),,Kenwood Corporation,Cameron
Yairi,,,,,,,Mooer Audio,,Krell Industries,Camillo
Z,,,,,,,Moog Music,,L,Cappelen
Zemaitis,,,,,,,Morley Pedals,,LEAK,Carl. Kierston
Zon,,,,,,,Mu-Tron,,Linn Products,Carlton
,,,,,,,MXR,,Lipinski Sound,Candice
,,,,,,,N,,List of loudspeaker manufacturers,Carod
,,,,,,,Neural DSP,,Luxman,Cauwenberghe
,,,,,,,S,,M,Chaika
,,,,,,,Source Audio,,Mackie (company),Challen
,,,,,,,Spicetone,,Manley Laboratories,Casio
,,,,,,,Strymon (company),,Marantz,Challenger
,,,,,,,T,,Mark Levinson Audio Systems,Chappell & Co.
,,,,,,,T-Rex Engineering,,Marshall Amplification,Charles Stieff
,,,,,,,TC Electronic,,McIntosh Laboratory,"Chase, A.B."
,,,,,,,Tech 21,,Meridian Audio,Chassaigne
,,,,,,,U,,Meyer Sound Laboratories,Chavanne
,,,,,,,Universal Audio (company),,Milbert Amplifiers,Cherny
,,,,,,,W,,Musical Fidelity,"Chickering, Jacob"
,,,,,,,Wampler Pedals,,N,"Chickering, Jonas"
,,,,,,,Y,,NAD Electronics,Chickering & Mackays
,,,,,,,Yamaha Corporation,,O,Chickering and Sons
,,,,,,,Z,,Onkyo,Chickering Bros.
,,,,,,,Z.Vex Effects,,Orange Amps,Chicago Cottage
,,,,,,,Zoom Corporation,,P,Christensen
,,,,,,,,,Pass Labs,Christman
,,,,,,,,,Peavey Electronics,Chu-Seng
,,,,,,,,,Phase Linear,Clark Melville
,,,,,,,1981 Inventions,,Pioneer Corporation,Classenti
,,,,,,,3 Leaf Audio,,PS Audio,Classic
,,,,,,,6 Degrees Fx,,Q,Clement
,,,,,,,Abasi,,QSC Audio Products,Clementi
,,,,,,,Aclam,,Quad Electroacoustics,Christofori
,,,,,,,Acoustic Amplification,,R,Chollard
,,,,,,,ADA Amps,,Radford Electronics,Chollard & Chollard
,,,,,,,Adventure Audio,,Rega Research,Cline
,,,,,,,Aguilar,,Renkus-Heinz,Cockuijt
,,,,,,,Aleks K Production,,Rogers International,Collard & Collard
,,,,,,,Alesis,,Roksan,Colby
,,,,,,,Alexander Pedals,,Rotel,Colonial
,,,,,,,Ammoon,,S,Cotto
,,,,,,,Ampeg,,Sherwood (company),Conn
,,,,,,,Amptweaker,,Sonus Faber,Conover
,,,,,,,AMT Electronics,,Stromberg-Carlson,Conover Cable
,,,,,,,Analog Alien,,Studiomaster,Consolat de Mar
,,,,,,,Analog Man,,Sugden Audio,Continental
,,,,,,,Anarchy Audio,,Suzuki Musical Instrument Corporation,Conway
,,,,,,,Anasounds,,T,Cornish
,,,,,,,Animals Pedal,,Threshold Audio,Cramer
,,,,,,,ARC Effects,,Traynor Amplifiers,"Crane & Sons, Ltd."
,,,,,,,Area 51,,U,Cristofori
,,,,,,,Arion,,U-Turn Audio,Crown
,,,,,,,Aroma,,V,"Cuijpers, J.F."
,,,,,,,ART,,V-Moda,Cunningham Piano Company
,,,,,,,Artec,,W,Currier & Gilbert
,,,,,,,Ashdown,,Ward-Beck Systems,Currier & Co.
,,,,,,,Atomic Amps,,Watkins Electric Music,Currier Piano Co.
,,,,,,,Audio Sprockets,,Y,Czapka & Sohn
,,,,,,,Authentic Hendrix,,Yamaha Pro Audio,D
,,,,,,,Azor,,YaqinAudio,Daesung
,,,,,,,Bananana Effects,,Yorkville Sound,Daewoo
,,,,,,,Barber Electronics,,,Dale Forty
,,,,,,,Basic Audio,,,Dalibor
,,,,,,,BBE,,,David à paris
,,,,,,,BearFoot FX,,,D'almaine
,,,,,,,BecosFX,,,Danemann
,,,,,,,Beetronics FX,,,"Danemann, W"
,,,,,,,Behringer,,,Daniël
,,,,,,,Benson Amps,,,Davenport & Treacy
,,,,,,,Big Ear Pedals,,,Debain et Cie
,,,,,,,Big Joe Stomp Box Company,,,De Blaise
,,,,,,,Big Tone Music Brewery,,,Delmar
,,,,,,,Biyang,,,Dassel
,,,,,,,BJFE,,,Decker Brothers
,,,,,,,Black Arts Toneworks,,,Dengler
,,,,,,,Black Cat Pedals,,,D'este
,,,,,,,Black Country Customs,,,Diapason
,,,,,,,Blackhawk Amplifiers,,,Dietmann
,,,,,,,Blackout Effectors,,,Diederichs Freres
,,,,,,,Blackstar Amplification,,,Disklavier
,,,,,,,Blakemore Effects,,,Dittrich
,,,,,,,BluGuitar,,,Dobbert
,,,,,,,Bogner Amplification,,,"Does, van der"
,,,,,,,Bondi Effects,,,Döhnert
,,,,,,,Boss,,,Doina
,,,,,,,BYOC,,,"Donath, Max"
,,,,,,,Caline,,,Dörner
,,,,,,,Carl Martin,,,Dörneberg
,,,,,,,Caroline Guitar Company,,,Carl Dörr
,,,,,,,Carvin Corporation,,,"Doss, Robert"
,,,,,,,Catalinbread Effects,,,Dominion Piano and Organ Co.
,,,,,,,Center Street Electronics,,,Dochtermann piano
,,,,,,,Chandler Limited,,,Doutreligne Piano
,,,,,,,Chase Bliss Audio,,,Drachman
,,,,,,,Chase Tone,,,"Dreinhöfer, Wilhelm"
,,,,,,,Cicognani Engineering,,,Dreyer & Co.
,,,,,,,CMAT Mods,,,"Driggs, Parmelee & Co."
,,,,,,,CNZ,,,Driggs Patent Piano Co.
,,,,,,,Coda Effects,,,Driggs & Tooker
,,,,,,,Coolmusic,,,Duck-Son & Pinker
,,,,,,,Cooper FX,,,Dulcette
,,,,,,,CopperSound,,,"Dunham, John B."
,,,,,,,Costalab,,,"Dunham, John B. & Co."
,,,,,,,Crazy Tube Circuits,,,Dunham & Sons
,,,,,,,Creative Audio Labs,,,Duysen
,,,,,,,Crowther Audio,,,D.W. Karn
,,,,,,,Cry Baby,,,Dresden
,,,,,,,Cusack Music,,,E
,,,,,,,Custom Tones,,,Eastman
,,,,,,,D'Addario,,,Eavestaff
,,,,,,,DanDrive Pedal Solution,,,Ebel & Sohn
,,,,,,,Dandy Job,,,"Ebel, Carl"
,,,,,,,Danelectro,,,"Ecke, Carl"
,,,,,,,Daredevil Pedals,,,Eckstein
,,,,,,,Darkglass Electronics,,,Ed. Westermayer
,,,,,,,Dawner Prince Electronics,,,Egtved
,,,,,,,Deadbeat Sound,,,Friedrich Ehrbar
,,,,,,,Death By Audio,,,Eisenberg
,,,,,,,Decibelics,,,"Ekström, Olof Berndt"
,,,,,,,Deep Space Devices,,,Elcké
,,,,,,,Deep Trip,,,Elias
,,,,,,,Defects FX,,,Ellington
,,,,,,,Demeter,,,Elysian
,,,,,,,Demon Pedals,,,Emerson
,,,,,,,Devi Ever FX,,,"Emmer, Wilhelm"
,,,,,,,Diamond,,,"Erard & Cie, S.& P."
,,,,,,,Diezel Amplification,,,Erard- London
,,,,,,,DigiTech,,,"Erbe, J."
,,,,,,,DLS Effects,,,"Ernst Jacob, Mechanik Fabrik Berlin CO"
,,,,,,,DMB Pedals,,,Erste Produktiv-Genossenschaft
,,,,,,,DOD,,,Ernst Chladni
,,,,,,,Donner,,,Essenfelder
,,,,,,,Dophix,,,Essex
,,,,,,,Dr J,,,Estey Piano Corp.
,,,,,,,Dr No Effects,,,Estonia
,,,,,,,Dr Scientist,,,Eterna
,,,,,,,Dreadbox,,,Etyde
,,,,,,,Drolo FX,,,"Eungblut, Rogers"
,,,,,,,Drunk Beaver,,,Euphona
,,,,,,,DryBell Musical Electronics Laboratory,,,Europa
,,,,,,,Duesenberg,,,Euterpe
,,,,,,,Dunlop,,,Evans
,,,,,,,Durham Electronics,,,Everett
,,,,,,,Dusky Electronics,,,Evertides
,,,,,,,Dwarfcraft Devices,,,F
,,,,,,,EarthQuaker Devices,,,F.Dörner & sohn
,,,,,,,EBS,,,Fabbrini
,,,,,,,Effectivity Wonder,,,F.Bach
,,,,,,,Egnater,,,F.Rosener
,,,,,,,Electro Faustus,,,Albert Fahr
,,,,,,,Electro-Harmonix,,,Falcone
,,,,,,,Electronic Orange,,,Fandrich Piano
,,,,,,,Elektron Music Machines,,,Fandrich & Sons
,,,,,,,Emerson Custom,,,Farfisa
,,,,,,,Emma Electronic,,,Farrand
,,,,,,,Empress Effects,,,Fayette S. Cable
,,,,,,,Eno Music Co,,,Fazer Musik
,,,,,,,Ernie Ball,,,Fazioli
,,,,,,,Escape Plan Pedals,,,"Feigl, Alois"
,,,,,,,Ethos Guitar FX,,,Fenner
,,,,,,,Eventide Audio,,,Feurich
,,,,,,,EWS,,,Fibich
,,,,,,,EX,,,Fibiger
,,,,,,,Expresso FX,,,"Fiedler, Gustav"
,,,,,,,Fairfield Circuitry,,,Finger
,,,,,,,Fender,,,Fiona
,,,,,,,Fire-Eye,,,"Fischer, Carl"
,,,,,,,Fishman,,,J&C Fischer
,,,,,,,Flattley,,,Focké
,,,,,,,Fortin,,,"Focké, Georges"
,,,,,,,Foxgear,,,Forenede
,,,,,,,Foxpedal,,,Forrest
,,,,,,,Foxrox Electronics,,,Foster
,,,,,,,F-Pedals,,,Förster & Co.
,,,,,,,Frantone Electronics,,,"Förster, August"
,,,,,,,Fredric Effects,,,Francke
,,,,,,,Free The Tone,,,French
,,,,,,,Friedman Amplification,,,French Starck
,,,,,,,Frost Giant,,,Franz Wolek in Wien
,,,,,,,FTelettronica,,,Fritz Dobbert
,,,,,,,Fulltone Musical Products,,,Fuchs
,,,,,,,Function Fx,,,Fuchs & Möhr
,,,,,,,Fuzzrocious Pedals,,,"Fuder, G."
,,,,,,,Gamechanger Audio,,,G
,,,,,,,GFI System,,,G. Ekström & Co. Pianofabrik
,,,,,,,Goodrich,,,Gabler
,,,,,,,Goosoniqueworx,,,Gaveau
,,,,,,,Grace Design,,,Gebr. Perzina
,,,,,,,Greenhouse Effects,,,Gebruder Stingl
,,,,,,,Greer Amplification,,,"Geissler, F."
,,,,,,,Ground Control Audio,,,George Steck
,,,,,,,Guyatone,,,Gerard
,,,,,,,Hammond Organ USA,,,Gerhard Adam Wesel
,,,,,,,Hamstead Soundworks,,,Gerbstädt
,,,,,,,Hartke,,,Gerhard Adams
,,,,,,,Headrush,,,Gerhard Heintzman
,,,,,,,Henretta Engineering,,,Gerstenberger
,,,,,,,Hermid Audio,,,Gevaert
,,,,,,,Highwind Amplification,,,Geyer
,,,,,,,Himmelstrutz Elektro Art,,,Gilbert Hoffman
,,,,,,,Hip Kitty Products,,,Giles Pianos Ltd.
,,,,,,,Hologram Electronics,,,Gillot-Straube
,,,,,,,Horizon Devices,,,"Glos & Pflug, Wien"
,,,,,,,Hotone,,,Glass & Co.
,,,,,,,Hudson Electronics,,,Glenz (Josef) Breslau
,,,,,,,Hughes and Kettner,,,Godfrey
,,,,,,,Humboldt Electronics,,,Goetze & Co.
,,,,,,,Hungry Robot Pedals,,,Goetze-Gross
,,,,,,,Ibanez,,,Gordon & Bailey
,,,,,,,IK Multimedia,,,Gordon Laughead
,,,,,,,Iron Ether,,,Gourlay
,,,,,,,ISP Technologies,,,R. Görs & Kallmann
,,,,,,,J Rockett Audio Designs,,,Görs & Spangenberg
,,,,,,,Jackson Audio,,,Gotha
,,,,,,,Jacques Stompboxes,,,Gotzmann
,,,,,,,JAM Pedals,,,"Graf, Conrad"
,,,,,,,Jangle Box,,,"Graf, Hermann"
,,,,,,,Jet City Amplification,,,Graham & Co London
,,,,,,,JHS Pedals,,,Grand
,,,,,,,Joe Doc Music,,,Grande
,,,,,,,Joyo Audio,,,Gratiae
,,,,,,,JPTR FX,,,"Grau, F."
,,,,,,,Katanasound,,,Grimm
,,,,,,,Keeley Electronics,,,Grinnell Bros.
,,,,,,,Keyztone,,,Grotrian-Steinweg
,,,,,,,KHDK Electronics,,,Grover
,,,,,,,King Tone Guitar,,,Grunert
,,,,,,,KLIQ,,,Gulbransen
,,,,,,,Klon,,,"Gunther, J."
,,,,,,,KMA Machines,,,Gunther & Sohne
,,,,,,,Kokko,,,Gustafson & Ljungqvist
,,,,,,,Koogo,,,H
,,,,,,,Korg,,,"Haake, Karl"
,,,,,,,Kuro Custom Audio,,,Haddorff
,,,,,,,Laney Amplification,,,Hadley
,,,,,,,Lastgasp Art Laboratories,,,Haegele of Aalen
,,,,,,,Lawrence Petross Design,,,Haessler
,,,,,,,Lehle,,,Hagspiel
,,,,,,,Lekato,,,"Hahn, Alb."
,,,,,,,Line 6,,,"Hain, Stephan"
,,,,,,,Lone Wolf Audio,,,Haines Bros.
,,,,,,,Lovepedal,,,Haileer
,,,,,,,LR Baggs,,,Hailun
,,,,,,,Lunastone Pedals,,,Halle &
,,,,,,,Mad Professor Amplification,,,"Hallet, Davis & Co."
,,,,,,,Magnetic Effects,,,Hallett & Cumston
,,,,,,,Majik Box,,,"Hallett, Russell"
,,,,,,,Malekko Heavy Industry Corporation,,,Hals
,,,,,,,Markbass,,,Hamburger
,,,,,,,Matchless Amplifiers,,,Hamilton
,,,,,,,Matthew Effects,,,Hammond
,,,,,,,M-Audio,,,Hampton
,,,,,,,Maxon Guitar Effects,,,Hanlet
,,,,,,,Menatone,,,Hannon Hall
,,,,,,,Meris,,,"Hansen, A."
,,,,,,,Mesa Boogie,,,"Hansen, Julius"
,,,,,,,MI Audio,,,Hillmann
,,,,,,,Mission Engineering Inc,,,"Hansmann, Gebr."
,,,,,,,MM Effects,,,Hardman
,,,,,,,Mod Kits DIY,,,Harimatis
,,,,,,,Modtone,,,Harmsworth & Company
,,,,,,,Mojo Hand FX,,,"Harold, F.E."
,,,,,,,Monoprice,,,"Harrison, V. F."
,,,,,,,Monsterpiece Fuzz,,,Harrodser
,,,,,,,Montreal Assembly,,,"Hartge, Henry"
,,,,,,,Mooer Audio Company,,,"Hartmann, W."
,,,,,,,Moog Music,,,Harvard
,,,,,,,Morgan Amps,,,Harwood
,,,,,,,Morley,,,Hasche
,,,,,,,Mr Black,,,Hasselaar
,,,,,,,Mu-Tron,,,"Hasseldieck, Dietrich"
,,,,,,,MWFX,,,Hasti Asghari
,,,,,,,MXR,,,"Hauch, J.B."
,,,,,,,Mythos Pedals,,,Hausmann
,,,,,,,Nady,,,Hautrive
,,,,,,,Nanolog Audio Inc,,,Hayelson
,,,,,,,Nektar Technology,,,"Hayes, E. T."
,,,,,,,Neo Instruments,,,"Hayt, Babcock & Appleton"
,,,,,,,Neon Egg,,,"Hayts, Babcock & Appleton"
,,,,,,,Neunaber,,,Hazelton & Brother
,,,,,,,Neural,,,Hazelton Brothers
,,,,,,,Nexi Industries,,,Healy
,,,,,,,Nine Volt,,,"Hedke, Wilh."
,,,,,,,Nobels,,,Hegeler
,,,,,,,NRG Effects,,,"Heiden, Carl von"
,,,,,,,Nux,,,Heinisch
,,,,,,,Oberheim Electronics,,,Heintzman & Co.
,,,,,,,Occvlt Pedals,,,Heitzmann & Sohn
,,,,,,,Okko Effects,,,Heller
,,,,,,,Old Blood Noise Endeavors,,,Hellas
,,,,,,,OneControl,,,Hellström
,,,,,,,On-Stage,,,Helmholz
,,,,,,,Option 5,,,Heppel & Theilig
,,,,,,,Orange,,,"Hergens, A. G."
,,,,,,,Origin Effects,,,Hermann
,,,,,,,Ortega Guitars,,,Herrburger
,,,,,,,Outlaw Effects,,,"Herrmann, Alexander"
,,,,,,,Paul C Audio,,,"Herz, Henri"
,,,,,,,Paul Trombetta Design,,,"Herz Neveu, Philippe"
,,,,,,,Pete Cornish,,,"Heyl, Gustav"
,,,,,,,Peterson Tuners,,,"Hijz, Ernest"
,,,,,,,Pettyjohn Electronics,,,"Hillgärtner, Heinrich"
,,,,,,,PigDog Pedals,,,Hilton
,,,,,,,Pigtronix,,,Hindsberg
,,,,,,,Pladask Elektrisk,,,Hinze
,,,,,,,Polar Bear Effects,,,Hlucháň
,,,,,,,Positive Grid,,,Hobart M. Cable
,,,,,,,ProCo,,,Hoek
,,,,,,,Quiet Theory Soundworks,,,Hoepfner
,,,,,,,Quilter Labs,,,"Hoerr, Franz"
,,,,,,,Radial Engineering,,,"Hofbauer, Gustav"
,,,,,,,Rafferty,,,"Hoffmann, August"
,,,,,,,Rainger FX,,,"Hoffmann, Georg"
,,,,,,,Ramble FX,,,"Hoffmann, W."
,,,,,,,Raygun FX,,,Hoffmann & Kühne
,,,,,,,Real McCoy Custom,,,Hofmann
,,,,,,,Red Noise Pedals,,,Hofmann & Czerny
,,,,,,,Red Panda Lab,,,"Hofmann, Karl"
,,,,,,,Red Witch Pedals,,,Hofmann & Scholz
,,,,,,,Redbeard Effects,,,Hofmann & Schulze
,,,,,,,Retro Mechanical Labs,,,Hohner
,,,,,,,Retroman Music,,,Hölling & Spangenberg
,,,,,,,Retro-Sonic,,,Holzl & Heitzmann
,,,,,,,Reuss Musical Instruments,,,Hoff & Co.
,,,,,,,REVV Amplification,,,Hopkinson
,,,,,,,Rhodium Electronics,,,Hornung & Møller
,,,,,,,Rivera Amplification,,,Hörügel
,,,,,,,RJM Music Technology,,,Howard
,,,,,,,Rockbox,,,Howard Piano Co.
,,,,,,,Rockfabrik Effects,,,HsingHai
,,,,,,,Rocktron,,,Hummel
,,,,,,,Roger Mayer,,,Hundt & Sohn
,,,,,,,Roland,,,Hupfeld
,,,,,,,Rothwell,,,Hupfer Pianos
,,,,,,,Rotosound,,,"Humphrey, London"
,,,,,,,Rowin,,,Huntington
,,,,,,,RYRA,,,"Hyfte, van C."
,,,,,,,Sadowsky,,,Hyundai
,,,,,,,Saturnworks Pedals,,,I
,,,,,,,Seymour Duncan,,,"Ibach, Rud."
,,,,,,,Shift Line,,,"Irmler, J.G."
,,,,,,,Shins Music,,,J
,,,,,,,Sib,,,J. Erbe Eisenach
,,,,,,,Side Effects,,,J. G. Irmler
,,,,,,,Sim1,,,Jacob Bros.
,,,,,,,Singular Sound,,,Jahn
,,,,,,,Sinvertek,,,James & Holmstrom
,,,,,,,Sitek Guitar Electronics,,,"Janowsky, M."
,,,,,,,Skreddy Pedals,,,Janssen
,,,,,,,Smallsound Bigsound,,,Jarret & Goudge
,,,,,,,Snake Oil Fine Instruments,,,Jasper
,,,,,,,Snark,,,"Jaschinsky, A."
,,,,,,,Snazzy Effects,,,Jefferson
,,,,,,,SolidGoldFX,,,Jehle
,,,,,,,Sonic Research,,,Jelmini
,,,,,,,Sonicake,,,"Jewett, Boston"
,,,,,,,Sonuus,,,John Raper co.
,,,,,,,Source Audio,,,Jong de
,,,,,,,Spaceman Effects,,,"Jørgensen, Brødr."
,,,,,,,Spicetone,,,J. Tresselt
,,,,,,,Spiral Electric FX,,,Julius Bach MFG
,,,,,,,Stacks FX,,,"Jurkat, C."
,,,,,,,Stomp Under Foot,,,Jayel
,,,,,,,Stompnorth,,,K
,,,,,,,Stone Deaf FX,,,"A Kingsbury piano, made by the Cable Piano Company."
,,,,,,,Strymon,,,Kadette
,,,,,,,Subdecay Effects,,,Kadenza
,,,,,,,Suhr Effects,,,Kaim
,,,,,,,Supro,,,Kaim & Gunther
,,,,,,,SVI Sound,,,Kaiser
,,,,,,,Swindler Effects,,,"Kann, Georg"
,,,,,,,Tate FX,,,Kappler
,,,,,,,TC Electronic,,,"Kaps, Ernst"
,,,,,,,Tech 21 NYC,,,Kasselman
,,,,,,,Teisco,,,Katzmarek & Co.
,,,,,,,The GoGo,,,Kawai Musical Instruments
,,,,,,,ThorpyFX,,,Keilberg
,,,,,,,Throne Room Pedals,,,Keislair
,,,,,,,ToadWorks,,,Kemble
,,,,,,,Tomkat Pedals,,,Kenny & Sons
,,,,,,,Tomsline Engineering,,,Kent & Cooper
,,,,,,,Tone City,,,Kessels
,,,,,,,Toneczar,,,"Kester, Ludwig"
,,,,,,,Totally Wycked Audio,,,Keylard
,,,,,,,Trace Elliot,,,Kieselhorst
,,,,,,,T-Rex Engineering,,,Kilbourne
,,,,,,,True North Pedals,,,Kimball
,,,,,,,Truetone,,,Kingsburg
,,,,,,,Tru-fi Pedals,,,Kingsbury
,,,,,,,Tsakalis AudioWorks,,,Kirkman
,,,,,,,Two Notes,,,Kirschner
,,,,,,,Union Tube and Transistor,,,Kisting
,,,,,,,Universal Audio,,,Klavins
,,,,,,,Utility Design,,,Klein
,,,,,,,Valeton,,,Klima
,,,,,,,Vemuram Custom Pedals,,,Klingmann
,,,,,,,Vertex Effects,,,"Kloppe, H."
,,,,,,,VFE Pedals,,,Knabe & Gaehle
,,,,,,,VHT,,,"Knabe, Gaehle & Co."
,,,,,,,Vick Audio,,,"Knabe, Wm. & Co."
,,,,,,,Victory Amps,,,Knabe Bros.
,,,,,,,Voodoo Labs,,,Knake
,,,,,,,Vox,,,Knauer
,,,,,,,VS Audio,,,Knauss
,,,,,,,Walrus Audio,,,Knight
,,,,,,,Wampler Pedals,,,Knöchel Ad.
,,,,,,,Way Huge,,,"Knudsen, J."
,,,,,,,Weehbo Guitar Pedals,,,Knudsen & Sons
,,,,,,,Whirlwind,,,Koch & Korselt
,,,,,,,Wilson Effects,,,Koch & Co.
,,,,,,,WMD Devices,,,H. Kohl
,,,,,,,Wren And Cuff,,,Kohler & Campbell
,,,,,,,XAct Tone Solutions,,,Kort de
,,,,,,,Xotic Effects,,,"Kraft, Aug."
,,,,,,,Xvive Audio,,,Krakauer Brothers
,,,,,,,Yamaha,,,Kramer
,,,,,,,Young Pedal Co,,,Kranich & Bach
,,,,,,,Zander Circuitry,,,Krasnii Oktyabr' (Leningrad)
,,,,,,,Zoom,,,"Krause, Max"
,,,,,,,ZVex,,,Krauss
,,,,,,,,,,Krell & French
,,,,,,,,,,Krell
,,,,,,,,,,Kreuizbach
,,,,,,,,,,"Kreutzbach, Julius"
,,,,,,,,,,Kreutzer
,,,,,,,,,,Kriebel
,,,,,,,,,,Kriegelstein
,,,,,,,,,,Kriegelstein & Arnaud
,,,,,,,,,,Kriegelstein & Plantade
,,,,,,,,,,Krumm
,,,,,,,,,,Kuhla
,,,,,,,,,,"Kuhse, Johann"
,,,,,,,,,,Kunst
,,,,,,,,,,Kunz
,,,,,,,,,,Kupers
,,,,,,,,,,K.Fenner
,,,,,,,,,,Kurtzmann & Sons
,,,,,,,,,,L
,,,,,,,,,,Lauberger & Gloss
,,,,,,,,,,La Petite
,,,,,,,,,,Labrousse
,,,,,,,,,,Lager
,,,,,,,,,,Lagonda
,,,,,,,,,,Lagrima
,,,,,,,,,,Lakeside
,,,,,,,,,,Lambert
,,,,,,,,,,Lancaster
,,,,,,,,,,Lauberger & Gloss
,,,,,,,,,,"Laughead, Gordon"
,,,,,,,,,,Laurence & Nash
,,,,,,,,,,"Laurence & Sons, Alex"
,,,,,,,,,,Legnica
,,,,,,,,,,Leguerinais
,,,,,,,,,,Lehman
,,,,,,,,,,"Lehmann, Adolf"
,,,,,,,,,,Lehmann de Lehnsfeld
,,,,,,,,,,Leichel
,,,,,,,,,,Leijser
,,,,,,,,,,Leipzig
,,,,,,,,,,"Lerpée, Carl"
,,,,,,,,,,Lesage
,,,,,,,,,,"Leschen, Wilhelm"
,,,,,,,,,,Lester
,,,,,,,,,,Leswein
,,,,,,,,,,Leutke
,,,,,,,,,,Lichtental
,,,,,,,,,,Liederstrom
,,,,,,,,,,Liehr
,,,,,,,,,,"Lieshout & Zonen, M. van"
,,,,,,,,,,"Lichtenthal, Hermann"
,,,,,,,,,,"Lighte, F. C."
,,,,,,,,,,Lighte & Bradburys
,,,,,,,,,,Lighte & Ernst
,,,,,,,,,,Lighte & Newton
,,,,,,,,,,"Lighte, Newton & Bradburys"
,,,,,,,,,,"Liljequist, Matthias"
,,,,,,,,,,Lincoln
,,,,,,,,,,Lindbergh
,,,,,,,,,,"Lindeman, Wm."
,,,,,,,,,,Lindeman & Sons
,,,,,,,,,,Linden
,,,,,,,,,,Lindholm
,,,,,,,,,,Lindner
,,,,,,,,,,"Lindner & Sohn, I.P."
,,,,,,,,,,Lindsay
,,,,,,,,,,Linke
,,,,,,,,,,"Lipczinsky, Max"
,,,,,,,,,,Lipp
,,,,,,,,,,Lippmann
,,,,,,,,,,Lirika
,,,,,,,,,,Littmann
,,,,,,,,,,Livingstone
,,,,,,,,,,Lohmann Piano Co.
,,,,,,,,,,Lorenz
,,,,,,,,,,"Love, Malcolm"
,,,,,,,,,,Lowrey
,,,,,,,,,,Ludwig
,,,,,,,,,,Luis Verdugo & Hijo
,,,,,,,,,,"Lummer, Wilh."
,,,,,,,,,,Luner
,,,,,,,,,,Lyon & Healy
,,,,,,,,,,Lyra
,,,,,,,,,,Lyrica
,,,,,,,,,,M
,,,,,,,,,,Maeari-Hyundai
,,,,,,,,,,Maetzke
,,,,,,,,,,Mag
,,,,,,,,,,Mage
,,,,,,,,,,Magrini
,,,,,,,,,,Mahler
,,,,,,,,,,"Maier,K."
,,,,,,,,,,Malmsjö
,,,,,,,,,,Mand
,,,,,,,,,,"Mann, Theodor"
,,,,,,,,,,Manner & Co.
,,,,,,,,,,Manner & Gabler
,,,,,,,,,,Mannhorg
,,,,,,,,,,Mansfield
,,,,,,,,,,Manthey
,,,,,,,,,,Mari
,,,,,,,,,,Marion
,,,,,,,,,,Maristany
,,,,,,,,,,Martins & Ouvrier
,,,,,,,,,,Markx
,,,,,,,,,,Marschall & Mittauer
,,,,,,,,,,Marshall & Rose
,,,,,,,,,,Marshall & Wendell
,,,,,,,,,,Mason & Hamlin
,,,,,,,,,,Mason & Risch
,,,,,,,,,,"Mathuschek, F."
,,,,,,,,,,Mathushek Piano Mfg. Co.
,,,,,,,,,,Mathushek & Kinkeldey
,,,,,,,,,,Mathushek & Kühner
,,,,,,,,,,Mathushek & Son
,,,,,,,,,,Matthaes
,,,,,,,,,,Matz & Co.
,,,,,,,,,,"Mätzke, Ed."
,,,,,,,,,,Max Horn Zwickau
,,,,,,,,,,May
,,,,,,,,,,"McPhail, A. M."
,,,,,,,,,,Mecklenburg
,,,,,,,,,,Meister
,,,,,,,,,,Meldorf
,,,,,,,,,,Melford
,,,,,,,,,,Melodic
,,,,,,,,,,Melville Clark
,,,,,,,,,,Menzel
,,,,,,,,,,Mercedes
,,,,,,,,,,Merkur
,,,,,,,,,,"Mes, A."
,,,,,,,,,,Metropolitan
,,,,,,,,,,"Meyer, Conrad"
,,,,,,,,,,"Meyer, Herman"
,,,,,,,,,,Michelle
,,,,,,,,,,Mignon
,,,,,,,,,,"Mikula, Gebr."
,,,,,,,,,,"Miller, Henry F. Miller (Boston)"
,,,,,,,,,,"Milton, (John)"
,,,,,,,,,,Minse
,,,,,,,,,,Monington & Weston
,,,,,,,,,,Moore & Moore
,,,,,,,,,,Morel
,,,,,,,,,,"Morley, Robert"
,,,,,,,,,,Morrison Music Company
,,,,,,,,,,Morrison & Harrison
,,,,,,,,,,Mörs
,,,,,,,,,,Mozart piano company
,,,,,,,,,,Müller
,,,,,,,,,,Müller-Schiedmayer
,,,,,,,,,,Mussard
,,,,,,,,,,Muzelle
,,,,,,,,,,"Mühlbach, F."
,,,,,,,,,,N
,,,,,,,,,,Nagel
,,,,,,,,,,Nakamichi
,,,,,,,,,,Natori
,,,,,,,,,,Nehammer
,,,,,,,,,,Nelson
,,,,,,,,,,"Neuburger, Adolf"
,,,,,,,,,,Neugebauer
,,,,,,,,,,Neumann
,,,,,,,,,,"Neumeyer, Gebr."
,,,,,,,,,,Neupert
,,,,,,,,,,New Winsor
,,,,,,,,,,Niederländer
,,,,,,,,,,Niedermeyer
,,,,,,,,,,Nieër
,,,,,,,,,,Niemeyer
,,,,,,,,,,Niendorf
,,,,,,,,,,Nijmatten
,,,,,,,,,,Nocturno
,,,,,,,,,,Noeske
,,,,,,,,,,Nordiska
,,,,,,,,,,Nord Piano
,,,,,,,,,,Normandie (NY)[1]
,,,,,,,,,,"Nützmann, Adolf"
,,,,,,,,,,O
,,,,,,,,,,Offberg
,,,,,,,,,,Otto Bach
,,,,,,,,,,Otto Meister
,,,,,,,,,,OMORI
,,,,,,,,,,Oktava
,,,,,,,,,,P
,,,,,,,,,,Packard
,,,,,,,,,,Painter & Ewing
,,,,,,,,,,Palatino
,,,,,,,,,,Paling minor
,,,,,,,,,,Pallik & Schicker
,,,,,,,,,,Pallik & Stiasny
,,,,,,,,,,"Pape, Jean-Henri"
,,,,,,,,,,Pape fils (Frédéric-Eugène)
,,,,,,,,,,Pappenberger
,,,,,,,,,,Papps
,,,,,,,,,,"Parttart, Alois"
,,,,,,,,,,Paukert
,,,,,,,,,,Paul Werner (Dresden)
,,,,,,,,,,"Pawlek, Josef"
,,,,,,,,,,Pearl River
,,,,,,,,,,Peek and Son
,,,,,,,,,,Pepper
,,,,,,,,,,Period Piano Company
,,,,,,,,,,"Perzina, Gebr."
,,,,,,,,,,Peterborgh
,,,,,,,,,,Petrof
,,,,,,,,,,Petrov
,,,,,,,,,,Petzold
,,,,,,,,,,Peukert
,,,,,,,,,,"Pfaffe, Julius"
,,,,,,,,,,Pfeiffer
,,,,,,,,,,"Pfeiffer, J."
,,,,,,,,,,Philipps
,,,,,,,,,,Phillip
,,,,,,,,,,Phillips
,,,,,,,,,,Piano Disc
,,,,,,,,,,Pianova
,,,,,,,,,,Picassi
,,,,,,,,,,Pleyel
,,,,,,,,,,Plymouth
,,,,,,,,,,Poestkoke
,,,,,,,,,,"Pohlmann, Leonhard"
,,,,,,,,,,Pokorny
,,,,,,,,,,Poletti & Tuinman
,,,,,,,,,,Pons Gary
,,,,,,,,,,Poole
,,,,,,,,,,Pramberger
,,,,,,,,,,"Prein, Friedrich"
,,,,,,,,,,President
,,,,,,,,,,Prestel
,,,,,,,,,,Price & Teeple
,,,,,,,,,,"Probst, Georg"
,,,,,,,,,,"Produktiv-G.,E."
,,,,,,,,,,"Proksch, A."
,,,,,,,,,,Proskowec
,,,,,,,,,,Protze
,,,,,,,,,,Psalmist
,,,,,,,,,,Purcell
,,,,,,,,,,Q
,,,,,,,,,,Quandt
,,,,,,,,,,Quispel
,,,,,,,,,,R
,,,,,,,,,,Rachals
,,,,,,,,,,Raehse-Repia
,,,,,,,,,,Rameau
,,,,,,,,,,Ramsberger
,,,,,,,,,,"Rathke, R."
,,,,,,,,,,Rahmann
,,,,,,,,,,Raudenbush & Sons
,,,,,,,,,,Rauzer
,,,,,,,,,,Ravenstein
,,,,,,,,,,Ravenscroft
,,,,,,,,,,Red October
,,,,,,,,,,Regent
,,,,,,,,,,Reichelt & Birnbaum
,,,,,,,,,,Reid Sohn
,,,,,,,,,,"Reingardt, V. K."
,,,,,,,,,,Reinhard
,,,,,,,,,,Reinhold
,,,,,,,,,,Reino Ikonen
,,,,,,,,,,Reisbach
,,,,,,,,,,"Rekewitz, Wilh."
,,,,,,,,,,Renn
,,,,,,,,,,Repia
,,,,,,,,,,Rhiendorf
,,,,,,,,,,Richard Lipp & Sohn
,,,,,,,,,,Richmann
,,,,,,,,,,Ridgewood
,,,,,,,,,,Rieger-Kloss
,,,,,,,,,,Riese
,,,,,,,,,,Riga
,,,,,,,,,,Rijken
,,,,,,,,,,Rijken & de Lange
,,,,,,,,,,Rippen
,,,,,,,,,,Ritmüller
,,,,,,,,,,W. Ritmüller & Sohn
,,,,,,,,,,Ritter
,,,,,,,,,,Robinson
,,,,,,,,,,Rogers
,,,,,,,,,,"Rogers, George"
,,,,,,,,,,Rohlfing
,,,,,,,,,,"Rohr, Alfred"
,,,,,,,,,,Roland
,,,,,,,,,,Roller & Blanchet
,,,,,,,,,,"Roloff, H"
,,,,,,,,,,Römhildt
,,,,,,,,,,Ronaldi
,,,,,,,,,,Karl Rönisch
,,,,,,,,,,Rordorf
,,,,,,,,,,Rösch-Le Sage
,,,,,,,,,,Rosenbach
,,,,,,,,,,Rosenberg
,,,,,,,,,,Rosenkranz
,,,,,,,,,,Rösler
,,,,,,,,,,G. Rösler
,,,,,,,,,,Roth & Junius
,,,,,,,,,,Roth Pianos
,,,,,,,,,,Royale
,,,,,,,,,,Royale-Classic
,,,,,,,,,,Rubenstein
,,,,,,,,,,Ruch
,,,,,,,,,,Rud. Ibach Sohn
,,,,,,,,,,Russell and Russell
,,,,,,,,,,"Russell, George"
,,,,,,,,,,Ruyter
,,,,,,,,,,R. Vogel
,,,,,,,,,,Robinson
,,,,,,,,,,S
,,,,,,,,,,Sabel
,,,,,,,,,,Sagenhaft
,,,,,,,,,,Sakura
,,,,,,,,,,Samaniego
,,,,,,,,,,"Sames, William"
,,,,,,,,,,Samick
,,,,,,,,,,Sandbergen
,,,,,,,,,,Sängler & Sohne
,,,,,,,,,,Sassmann
,,,,,,,,,,Saturn
,,,,,,,,,,Sauter
,,,,,,,,,,Schaaf & Co.
,,,,,,,,,,"Schaaf, Hermann"
,,,,,,,,,,"Schadhauser, Johann"
,,,,,,,,,,Schafer & Sons
,,,,,,,,,,Schanz
,,,,,,,,,,Scharf & Hauk
,,,,,,,,,,"Scheel, Carl"
,,,,,,,,,,"Schellenkens, G."
,,,,,,,,,,"Schell, Lothar"
,,,,,,,,,,Schemelli & Co.
,,,,,,,,,,"Schiedmayer, J.& P."
,,,,,,,,,,Schiedmayer
,,,,,,,,,,Schiller
,,,,,,,,,,"Schilling, Fr."
,,,,,,,,,,Schimmel
,,,,,,,,,,Schindhelm
,,,,,,,,,,Schindler
,,,,,,,,,,Schirmer & Son
,,,,,,,,,,Schlögl
,,,,,,,,,,Schmidt
,,,,,,,,,,Schmidt-Flohr
,,,,,,,,,,Schmidt Pianos
,,,,,,,,,,Schmitz
,,,,,,,,,,"Schnell, R.A."
,,,,,,,,,,Scholze
,,,,,,,,,,Schramm&Sons
,,,,,,,,,,"Schröder, C.M."
,,,,,,,,,,Schroeder
,,,,,,,,,,Schröther
,,,,,,,,,,Schruder
,,,,,,,,,,Schubert
,,,,,,,,,,Schuerman
,,,,,,,,,,Schultz & Sons
,,,,,,,,,,Schulze & Sohn
,,,,,,,,,,Schulze & Pollmann
,,,,,,,,,,Schumann
,,,,,,,,,,Schuppe & Neumann
,,,,,,,,,,Schütz & Co.
,,,,,,,,,,Schütze
,,,,,,,,,,Schuetze & Ludolff
,,,,,,,,,,"Schwechten, G."
,,,,,,,,,,Schweighofer
,,,,,,,,,,Schweizerstein
,,,,,,,,,,Schwester
,,,,,,,,,,Seeger
,,,,,,,,,,"Seidel, Rob"
,,,,,,,,,,Seidel & Sohn
,,,,,,,,,,"Seiler, Ed."
,,,,,,,,,,"Seiler, Max"
,,,,,,,,,,Sejung Piano Co.
,,,,,,,,,,Settergren
,,,,,,,,,,Settergren Piano Co.
,,,,,,,,,,Seuffert
,,,,,,,,,,Sherlock - Manning
,,,,,,,,,,"Sherman, Clay"
,,,,,,,,,,Shima-Jehle
,,,,,,,,,,Shimler
,,,,,,,,,,Shigeru
,,,,,,,,,,Shigeru Kawai
,,,,,,,,,,Shoninger
,,,,,,,,,,Shorewood
,,,,,,,,,,"Siegel, Rudolf"
,,,,,,,,,,Siewert
,,,,,,,,,,Silbermann
,,,,,,,,,,Singer
,,,,,,,,,,Skop
,,,,,,,,,,Silvia
,,,,,,,,,,"Smart, Charles"
,,,,,,,,,,Smidt & Wegener
,,,,,,,,,,Snel
,,,,,,,,,,Sohmer & Co.
,,,,,,,,,,Sojin
,,,,,,,,,,Solton
,,,,,,,,,,Sommerfeld
,,,,,,,,,,Sonor
,,,,,,,,,,Sonore
,,,,,,,,,,"Soph, Joseph"
,,,,,,,,,,Sopnnagel
,,,,,,,,,,Soward
,,,,,,,,,,Spencer
,,,,,,,,,,Spencer & Murdoch
,,,,,,,,,,Squire
,,,,,,,,,,Squire and Longson
,,,,,,,,,,Standaart
,,,,,,,,,,Stapel
,,,,,,,,,,Starck
,,,,,,,,,,Starckette & Kenmore
,,,,,,,,,,Starr Piano Co.
,,,,,,,,,,Staub & Co.
,,,,,,,,,,"Staub, J."
,,,,,,,,,,Steck
,,,,,,,,,,"Steck, George"
,,,,,,,,,,Steger & Sons
,,,,,,,,,,Steigerman
,,,,,,,,,,Stein
,,,,,,,,,,Steinbach
,,,,,,,,,,"Steinbach, Alex"
,,,,,,,,,,Steinberg
,,,,,,,,,,"Steinberg, Gerh."
,,,,,,,,,,"Steinberg, Wilh"
,,,,,,,,,,"Steiner, B."
,,,,,,,,,,"Steiner, Bernhard"
,,,,,,,,,,Steingraeber & Söhne
,,,,,,,,,,Steinhoven
,,,,,,,,,,"Steinmann, Wilh."
,,,,,,,,,,Steinmayer
,,,,,,,,,,"Steinthal, L."
,,,,,,,,,,Steinway & Sons
,,,,,,,,,,Steinway Haus
,,,,,,,,,,Stelzhammer
,,,,,,,,,,Stenger
,,,,,,,,,,Sterling
,,,,,,,,,,"Stichel, F."
,,,,,,,,,,"Stingl, Gebr."
,,,,,,,,,,"Stingl, Ignaz"
,,,,,,,,,,"Stöcker, Theodor"
,,,,,,,,,,Stockholm
,,,,,,,,,,Stoddart
,,,,,,,,,,Story & Clark
,,,,,,,,,,Straube
,,,,,,,,,,Strauss
,,,,,,,,,,Streicher
,,,,,,,,,,Strindberg
,,,,,,,,,,Strohmenger & Sons
,,,,,,,,,,Strothier
,,,,,,,,,,Stroud
,,,,,,,,,,Stuart and Sons
,,,,,,,,,,Stuyvesant
,,,,,,,,,,Stultz
,,,,,,,,,,Sturn
,,,,,,,,,,Suzuki
,,,,,,,,,,Svahnquist
,,,,,,,,,,Svenska
,,,,,,,,,,T
,,,,,,,,,,Tallone
,,,,,,,,,,Tamta
,,,,,,,,,,Taubert
,,,,,,,,,,Tchaikovsky
,,,,,,,,,,Temple
,,,,,,,,,,Tetsch & May
,,,,,,,,,,Thalèn
,,,,,,,,,,Thayer
,,,,,,,,,,"Theilig, Rich."
,,,,,,,,,,Thein
,,,,,,,,,,Therson
,,,,,,,,,,Th. Mann & Co.
,,,,,,,,,,Thomas & Avarsea
,,,,,,,,,,Thuringer
,,,,,,,,,,"Tischner, J. A."
,,,,,,,,,,"Thürmer, Ferd."
,,,,,,,,,,Tokai
,,,,,,,,,,Tokiwa
,,,,,,,,,,Tokkata
,,,,,,,,,,Tolkien
,,,,,,,,,,tonk
,,,,,,,,,,"Tormin, C."
,,,,,,,,,,Toyo
,,,,,,,,,,Toyo Apollo
,,,,,,,,,,Trautwein
,,,,,,,,,,"Trübger, Emil"
,,,,,,,,,,Tschaika
,,,,,,,,,,Tuch & Geyer
,,,,,,,,,,U
,,,,,,,,,,Uebel & Lechleiter
,,,,,,,,,,Ühlmann
,,,,,,,,,,Ukraina
,,,,,,,,,,"United Piano Makers, New York"
,,,,,,,,,,"Urbas, Johann"
,,,,,,,,,,Urbas & Kuhne
,,,,,,,,,,Urbas & Reishauer
,,,,,,,,,,Urk & Sons
,,,,,,,,,,V
,,,,,,,,,,Van Hyfte
,,,,,,,,,,Van der Does
,,,,,,,,,,Van Lieshout
,,,,,,,,,,Van Veen J.
,,,,,,,,,,Van Veen W.
,,,,,,,,,,Verkooij
,,,,,,,,,,Vermy
,,,,,,,,,,Vertigrand
,,,,,,,,,,Victor W.H Paling & Co
,,,,,,,,,,Vijgeboom Joh.
,,,,,,,,,,Vijgeboom Johs.
,,,,,,,,,,Van Vloten
,,,,,,,,,,Vose & Sons
,,,,,,,,,,Vogel & Co.
,,,,,,,,,,"Vogel, Robert"
,,,,,,,,,,Vogel & Sohn
,,,,,,,,,,Vogeler & Co.
,,,,,,,,,,"Voigt, Adolf Ernst"
,,,,,,,,,,Volkening
,,,,,,,,,,Vollmer
,,,,,,,,,,Vough
,,,,,,,,,,W
,,,,,,,,,,Waddington
,,,,,,,,,,Wagner
,,,,,,,,,,"Wagener & Co, Berlin"
,,,,,,,,,,"Waldhäusl, Robert"
,,,,,,,,,,Waldstein
,,,,,,,,,,Wallace Ash
,,,,,,,,,,Waldeck
,,,,,,,,,,Wallace Pianoforte Co.
,,,,,,,,,,Walsmann M.
,,,,,,,,,,"Walter, Charles R."
,,,,,,,,,,Waltham Piano Co.
,,,,,,,,,,Warfield
,,,,,,,,,,Wasniczek
,,,,,,,,,,"Waters, Horace"
,,,,,,,,,,"Watlen, John"
,,,,,,,,,,Weaver
,,,,,,,,,,Weber
,,,,,,,,,,Webster
,,,,,,,,,,Wegman
,,,,,,,,,,Weidenslaufer
,,,,,,,,,,"Weidig, C."
,,,,,,,,,,Weihenmeyer & Co.
,,,,,,,,,,Weinbach
,,,,,,,,,,Weinstein and Sons
,,,,,,,,,,Weiss
,,,,,,,,,,Weissbrod
,,,,,,,,,,Wellington
,,,,,,,,,,Welmar U.K.
,,,,,,,,,,Welzel P.F.
,,,,,,,,,,Wendl & Lung
,,,,,,,,,,"Werch, Lothar"
,,,,,,,,,,"Werner, F.W."
,,,,,,,,,,"Werner, Hans"
,,,,,,,,,,Wertheim
,,,,,,,,,,Westbrook
,,,,,,,,,,Westerlund
,,,,,,,,,,Wetzel
,,,,,,,,,,Whelpdale
,,,,,,,,,,Whitmore
,,,,,,,,,,Whitney
,,,,,,,,,,Whittaker
,,,,,,,,,,Wieck
,,,,,,,,,,Wieler
,,,,,,,,,,Wilh Steinberg
,,,,,,,,,,Wilhelm Spaethe
,,,,,,,,,,"Wilkinson, George"
,,,,,,,,,,Wilkinson & Wornum
,,,,,,,,,,William Wallace Kimball
,,,,,,,,,,"Williams & Son, R.S."
,,,,,,,,,,Williams Piano Co.
,,,,,,,,,,Williamson
,,,,,,,,,,Willermann
,,,,,,,,,,Willis & Co.
,,,,,,,,,,Wilson
,,,,,,,,,,Winchester
,,,,,,,,,,"Windhofer, Rudolf"
,,,,,,,,,,Windover
,,,,,,,,,,Windsor
,,,,,,,,,,Winkelmann & Co.
,,,,,,,,,,"Winkler, Paul"
,,,,,,,,,,Winter && Co.
,,,,,,,,,,"Wirth, Johann"
,,,,,,,,,,Wittmayer
,,,,,,,,,,Witton and Witton
,,,,,,,,,,Wohlfahrt
,,,,,,,,,,Wolfframm
,,,,,,,,,,Wolkenhauer
,,,,,,,,,,Woodchester
,,,,,,,,,,"Wornum, Robert"
,,,,,,,,,,"Wornum, Robt. & Sons"
,,,,,,,,,,Wurlitzer
,,,,,,,,,,W. P. Emerson Piano Co.
,,,,,,,,,,W.Naessens
,,,,,,,,,,Wyman
,,,,,,,,,,X
,,,,,,,,,,Xinghai Beijing Piano Co.
,,,,,,,,,,Y
,,,,,,,,,,Yamaha
,,,,,,,,,,Young Chang
,,,,,,,,,,Yangtze River
,,,,,,,,,,Z
,,,,,,,,,,"Zahl, Georg"
,,,,,,,,,,Zeitter & Winkelmann
,,,,,,,,,,"Zender, Sydney"
,,,,,,,,,,Zimmermann
,,,,,,,,,,Zwang
,,,,,,,,,,Zwicki
,,,,,,,,,,
,,,,,,,,,,• Zapka